num_lines,num_chars,num_tokens,num_IfStmt,avgTokenLength,numMethods,avgMethodLength,numSwitchStmt,numOfLoops,is_ai_generated
7,130,20,0,6.5,1,2,0,0,0
44,1401,258,5,5.430232558,2,11,0,0,1
38,1236,227,4,5.444933921,1,20,0,2,0
65,1928,382,5,5.047120419,2,24,0,5,1
57,2084,372,5,5.602150538,1,37,0,5,0
53,1572,248,2,6.338709677,2,8,0,1,1
52,1316,245,2,5.371428571,1,21,0,1,0
64,2377,406,0,5.854679803,1,28,0,3,1
40,1372,170,3,8.070588235,1,24,0,2,0
35,1152,200,0,5.76,1,9,0,2,1
36,1043,186,4,5.607526882,2,10,0,0,0
37,1205,195,1,6.179487179,1,11,0,1,1
110,3394,465,11,7.298924731,6,24,0,4,0
50,1335,254,2,5.255905512,2,11,0,3,1
69,2117,369,7,5.737127371,3,24,0,4,0
43,1138,208,1,5.432692308,1,14,0,2,1
74,2801,375,4,7.469333333,3,19,0,3,0
40,1278,205,1,6.234146341,2,4,0,0,1
42,1089,173,1,6.294797688,2,12,0,1,0
57,1873,322,11,5.816770186,1,37,0,3,1
43,1592,237,1,6.717299578,2,11,0,1,0
42,1217,239,2,5.092050209,1,15,0,2,1
45,1713,259,2,6.613899614,2,13,0,1,0
184,5255,660,2,7.962121212,10,10,0,5,1
44,1402,260,2,5.392307692,1,23,0,3,0
38,1129,153,0,7.379084967,3,3,0,1,1
45,1410,184,4,7.663043478,2,17,0,1,0
57,1747,189,0,9.243386243,2,11,0,0,1
43,1426,237,4,6.016877637,2,16,0,1,0
39,1192,150,0,7.946666667,2,9,0,1,1
51,1692,264,4,6.409090909,4,11,0,0,0
74,2265,279,3,8.11827957,5,4,0,3,1
89,2601,395,5,6.584810127,5,21,0,3,0
41,937,142,0,6.598591549,4,2,0,0,1
111,4181,517,11,8.087040619,5,23,0,5,0
75,2203,314,3,7.015923567,2,38,0,3,1
38,1072,215,3,4.986046512,1,17,0,1,0
36,1365,153,0,8.921568627,1,24,0,0,1
33,1021,189,0,5.402116402,1,12,0,2,0
47,1483,201,1,7.378109453,1,31,0,1,1
74,4640,823,4,5.637910085,1,26,0,4,0
52,1358,174,0,7.804597701,5,4,0,1,1
30,1047,191,3,5.481675393,1,14,0,1,0
96,2101,321,0,6.54517134,11,2,0,1,1
81,2027,339,7,5.979351032,5,4,0,2,0
45,1171,153,0,7.653594771,4,4,0,1,1
28,1002,194,1,5.164948454,1,11,0,1,0
52,1771,264,0,6.708333333,2,23,0,0,1
30,1073,199,0,5.391959799,1,5,0,1,0
59,1808,233,1,7.759656652,2,27,0,0,1
78,2694,443,12,6.081264108,4,27,0,9,0
97,2726,374,1,7.288770053,6,14,0,1,1
62,2365,406,10,5.825123153,2,25,0,7,0
99,2961,387,2,7.651162791,6,14,0,1,1
31,1047,201,2,5.208955224,1,13,0,1,0
70,2233,234,0,9.542735043,4,11,0,3,1
35,1348,188,1,7.170212766,2,9,0,1,0
30,1449,164,0,8.835365854,2,8,0,0,1
43,1647,241,4,6.834024896,1,26,0,1,0
27,1385,185,0,7.486486486,1,12,0,0,1
48,1656,261,4,6.344827586,2,16,0,2,0
57,924,172,0,5.372093023,10,2,0,0,1
40,1288,197,2,6.538071066,2,5,0,0,0
120,3695,388,0,9.523195876,9,10,0,1,1
71,2439,426,3,5.725352113,2,30,0,5,0
120,3628,381,3,9.522309711,7,5,0,1,1
46,1370,249,4,5.502008032,1,27,0,2,0
54,1641,209,2,7.851674641,5,2,0,1,1
43,1060,194,3,5.463917526,1,18,0,1,0
73,1874,216,0,8.675925926,5,2,0,0,1
37,1228,203,3,6.049261084,1,24,0,3,0
40,1136,136,0,8.352941176,4,7,0,0,1
57,1787,292,2,6.119863014,2,20,0,2,0
53,1223,153,0,7.993464052,4,6,0,0,1
47,1585,297,3,5.336700337,4,7,0,3,0
99,3035,324,0,9.367283951,8,2,0,1,1
32,1038,183,2,5.672131148,1,16,0,2,0
52,1526,168,0,9.083333333,4,3,0,0,1
41,1090,202,2,5.396039604,1,6,0,0,0
63,1495,220,0,6.795454545,3,2,0,4,1
69,2186,320,3,6.83125,4,10,0,6,0
66,1894,224,0,8.455357143,5,9,0,0,1
69,2278,322,3,7.074534161,4,10,0,6,0
73,2077,237,0,8.76371308,4,11,0,3,1
58,1540,274,3,5.620437956,1,18,0,1,0
40,1359,203,2,6.694581281,1,22,0,1,1
62,2209,346,8,6.384393064,2,21,0,3,0
24,620,93,0,6.666666667,1,14,0,1,1
53,1584,242,3,6.545454545,2,10,0,3,0
22,593,90,0,6.588888889,1,12,0,1,1
81,2161,354,2,6.104519774,2,25,0,6,0
24,614,92,0,6.673913043,1,14,0,1,1
38,1215,197,7,6.16751269,2,22,0,1,0
27,730,111,0,6.576576577,1,12,0,1,1
55,1300,253,2,5.138339921,1,18,0,2,0
29,744,113,0,6.584070796,1,14,0,1,1
39,1156,220,3,5.254545455,1,15,0,1,0
43,1454,216,3,6.731481481,1,25,0,1,1
36,1161,221,4,5.253393665,1,17,0,1,0
45,1510,228,4,6.622807018,1,27,0,1,1
60,1722,265,7,6.498113208,1,37,0,8,0
33,867,143,1,6.062937063,1,17,0,1,1
54,1640,303,1,5.412541254,3,12,0,5,0
31,835,140,1,5.964285714,1,15,0,1,1
38,1372,255,3,5.380392157,1,15,0,1,0
33,861,142,1,6.063380282,1,17,0,1,1
37,1152,206,5,5.59223301,1,24,0,5,0
28,787,119,0,6.613445378,1,12,0,1,1
37,1034,212,5,4.877358491,1,24,0,5,0
28,781,118,0,6.618644068,1,12,0,1,1
55,2591,444,4,5.835585586,1,22,0,1,0
32,933,157,1,5.942675159,1,17,0,1,1
62,1700,255,0,6.666666667,4,13,0,3,0
29,901,153,1,5.888888889,1,15,0,1,1
64,1889,285,2,6.628070175,4,17,0,3,0
25,651,119,0,5.470588235,1,11,0,1,1
86,3115,455,9,6.846153846,2,35,0,7,0
19,389,81,0,4.802469136,1,7,0,1,1
47,1407,170,5,8.276470588,3,16,0,7,0
16,365,79,0,4.620253165,1,5,0,1,1
45,1364,241,5,5.659751037,2,11,0,0,0
19,389,82,0,4.743902439,1,7,0,1,1
55,1791,344,5,5.206395349,2,24,0,5,0
33,1047,167,3,6.269461078,1,18,0,1,1
51,1545,256,2,6.03515625,2,8,0,1,0
154,4924,648,4,7.598765432,1,88,2,1,1
64,2382,407,0,5.852579853,1,28,0,3,0
44,1343,190,2,7.068421053,1,27,0,1,1
35,1169,212,0,5.514150943,1,9,0,2,0
31,1027,155,2,6.625806452,1,17,0,1,1
35,1199,204,1,5.87745098,1,10,0,1,0
57,1955,283,5,6.908127208,1,36,0,1,1
49,1622,336,3,4.827380952,3,10,0,9,0
28,659,118,0,5.584745763,1,12,0,1,1
57,1816,326,3,5.570552147,2,16,0,6,0
28,658,117,0,5.623931624,1,12,0,1,1
52,1784,286,5,6.237762238,4,9,0,0,0
19,396,76,0,5.210526316,1,7,0,1,1
45,1684,288,11,5.847222222,1,35,0,3,0
16,363,72,0,5.041666667,1,5,0,1,1
37,1196,223,3,5.3632287,1,15,0,2,0
19,388,76,0,5.105263158,1,7,0,1,1
100,3490,469,3,7.441364606,3,2,0,0,0
33,832,146,1,5.698630137,1,17,0,1,1
36,1073,184,0,5.831521739,2,0,0,0,0
31,809,143,1,5.657342657,1,15,0,1,1
58,1613,259,1,6.227799228,2,5,0,0,0
37,854,149,3,5.731543624,1,20,0,1,1
84,3023,463,2,6.529157667,2,12,0,0,0
28,560,105,2,5.333333333,1,15,0,2,1
78,1830,190,0,9.631578947,9,2,0,0,0
31,635,120,2,5.291666667,1,17,0,2,1
114,3389,376,6,9.013297872,4,3,2,0,0
39,1144,160,0,7.15,1,17,0,3,1
136,3412,521,6,6.548944338,14,5,0,0,0
44,1025,162,0,6.327160494,1,21,0,4,1
135,5267,927,3,5.681769148,4,6,0,2,0
43,1081,171,0,6.321637427,1,18,0,4,1
97,2730,499,0,5.470941884,8,2,0,0,0
41,1133,150,0,7.553333333,1,23,0,3,1
89,3474,511,1,6.798434442,8,3,0,0,0
51,1329,186,1,7.14516129,1,31,0,4,1
133,4450,500,6,8.9,5,7,0,2,0
41,1117,176,1,6.346590909,1,22,0,2,1
70,1981,311,1,6.36977492,4,1,0,0,0
41,1107,174,1,6.362068966,1,22,0,2,1
82,1561,255,0,6.121568627,16,2,0,0,0
35,958,145,1,6.606896552,1,18,0,1,1
121,2865,415,2,6.903614458,10,9,0,0,0
32,863,129,1,6.689922481,1,16,0,1,1
181,5727,670,20,8.547761194,18,41,0,0,0
34,886,130,1,6.815384615,1,18,0,1,1
30,919,91,0,10.0989011,2,2,0,0,0
43,1375,224,1,6.138392857,1,30,0,6,1
177,5095,664,8,7.673192771,9,2,0,0,0
40,978,167,2,5.856287425,1,23,0,2,1
98,2883,465,1,6.2,4,2,0,0,0
40,1041,174,2,5.982758621,1,23,0,1,1
51,1505,221,0,6.809954751,3,2,0,1,0
38,951,158,1,6.018987342,1,22,0,2,1
70,1656,220,0,7.527272727,6,2,0,1,0
67,2298,315,1,7.295238095,1,41,0,6,1
120,3908,524,4,7.458015267,5,18,0,0,0
40,1020,168,1,6.071428571,1,19,0,2,1
77,1798,216,0,8.324074074,2,3,0,2,0
37,951,160,1,5.94375,1,17,0,2,1
72,2209,240,1,9.204166667,7,2,0,0,0
31,881,139,0,6.338129496,1,14,0,1,1
227,5438,717,9,7.584379358,28,2,0,0,0
29,862,137,0,6.291970803,1,13,0,1,1
106,3301,406,8,8.130541872,6,9,0,0,0
28,762,108,0,7.055555556,1,14,0,1,1
89,2706,302,1,8.960264901,4,24,0,1,0
26,734,105,0,6.99047619,1,12,0,1,1
147,5875,621,2,9.460547504,6,1,1,2,0
28,756,107,0,7.065420561,1,14,0,1,1
37,1151,150,0,7.673333333,3,2,0,0,0
144,2933,415,0,7.06746988,24,2,0,0,1
137,4500,634,11,7.097791798,3,14,0,2,0
123,4301,464,0,9.269396552,10,7,0,0,1
45,1472,233,0,6.317596567,1,0,0,0,0
44,1027,121,0,8.487603306,12,0,0,0,1
78,2760,358,1,7.709497207,6,2,0,0,0
182,6087,637,2,9.555729984,12,36,0,18,1
127,4319,438,4,9.860730594,5,9,0,3,0
159,3573,496,0,7.203629032,25,9,0,0,1
74,1370,215,0,6.372093023,12,2,0,0,0
104,3139,348,0,9.020114943,9,7,0,0,1
85,1745,257,0,6.789883268,9,4,0,0,0
62,1217,170,0,7.158823529,8,2,0,0,1
39,1150,125,0,9.2,1,15,0,0,0
59,1625,172,0,9.447674419,5,7,0,0,1
102,3223,451,0,7.146341463,6,7,0,0,0
129,3357,393,4,8.541984733,10,3,0,1,1
126,2997,378,4,7.928571429,9,7,0,0,0
141,3314,426,0,7.779342723,22,2,0,0,1
84,2655,265,1,10.01886792,6,6,0,0,0
92,2540,285,0,8.912280702,9,7,0,0,1
104,3252,404,2,8.04950495,5,2,0,0,0
97,3086,484,2,6.376033058,6,7,0,0,1
30,1007,179,0,5.625698324,1,0,0,0,0
73,2045,237,0,8.628691983,8,2,0,1,1
142,5307,706,5,7.516997167,3,3,0,1,0
80,1852,273,0,6.783882784,6,2,0,0,1
35,1002,172,0,5.825581395,0,0,0,0,0
129,4877,471,2,10.35456476,12,7,0,3,1
62,1941,318,0,6.103773585,0,0,0,0,0
146,3981,519,3,7.670520231,8,2,0,1,1
83,2418,282,1,8.574468085,6,3,0,0,0
66,1034,170,0,6.082352941,8,2,0,0,1
49,1105,208,0,5.3125,6,1,0,0,0
71,1903,219,0,8.689497717,2,2,0,0,1
36,1064,177,0,6.011299435,1,2,0,0,0
85,2226,263,2,8.463878327,9,17,0,1,1
199,6547,758,9,8.637203166,17,5,0,2,0
128,4905,442,7,11.09728507,2,21,0,1,1
46,1371,158,1,8.67721519,2,3,0,0,0
59,1030,160,0,6.4375,8,2,0,0,1
103,3425,461,5,7.429501085,10,6,0,0,0
59,1646,174,0,9.459770115,4,7,0,0,1
90,2324,306,4,7.594771242,3,24,0,1,0
79,2133,227,0,9.396475771,6,7,0,0,1
93,2900,474,1,6.11814346,5,3,0,0,0
83,2742,257,1,10.6692607,9,2,0,0,1
150,3893,591,8,6.58714044,10,3,0,0,0
34,895,135,0,6.62962963,1,2,0,0,1
67,1650,210,2,7.857142857,4,13,0,2,0
43,992,157,0,6.318471338,4,2,0,0,1
85,2566,443,0,5.792325056,5,2,0,0,0
89,4487,349,0,12.85673352,6,5,0,2,1
35,1177,206,0,5.713592233,3,0,0,0,0
184,6321,642,11,9.845794393,5,14,0,0,1
120,2969,385,3,7.711688312,8,5,0,0,0
152,3571,478,0,7.470711297,23,8,0,0,1
41,1270,238,0,5.336134454,3,0,0,0,0
92,2781,279,0,9.967741935,8,7,0,0,1
61,1696,188,1,9.021276596,3,2,0,0,0
173,5645,628,12,8.988853503,11,36,0,5,1
73,2487,359,0,6.927576602,2,8,0,0,0
184,4429,586,0,7.558020478,32,2,0,0,1
234,6220,851,13,7.309048179,15,8,1,6,0
89,1864,288,2,6.472222222,12,2,0,0,1
206,6322,624,8,10.13141026,21,10,0,1,0
64,1779,186,0,9.564516129,5,3,0,0,1
104,2323,272,0,8.540441176,2,5,1,0,0
143,2668,409,0,6.523227384,22,2,0,0,1
62,1562,192,0,8.135416667,5,4,1,0,0
66,1777,184,0,9.657608696,5,7,0,0,1
102,3650,480,2,7.604166667,2,2,0,0,0
155,5213,475,4,10.97473684,15,10,0,1,1
49,1321,212,0,6.231132075,0,0,0,0,0
36,1116,103,0,10.83495146,13,0,0,0,1
176,6022,892,6,6.751121076,12,7,0,2,0
162,6137,627,0,9.787878788,13,2,0,0,1
74,1794,248,1,7.233870968,7,2,0,0,0
77,1645,226,2,7.278761062,10,7,0,0,1
163,5211,586,1,8.892491468,14,3,0,0,0
71,2085,209,0,9.976076555,6,3,0,0,1
35,964,94,0,10.25531915,3,3,0,0,0
111,4365,349,3,12.50716332,9,9,0,1,1
117,3936,354,0,11.11864407,7,2,0,0,0
214,4451,643,0,6.922239502,38,2,0,0,1
95,2978,282,0,10.56028369,6,2,0,0,0
54,1427,149,0,9.577181208,5,7,0,0,1
50,1256,122,0,10.29508197,2,6,0,0,0
57,1693,164,1,10.32317073,5,3,0,1,1
70,1741,192,0,9.067708333,9,2,0,0,0
62,1748,307,4,5.693811075,2,6,0,2,1
65,1231,225,0,5.471111111,2,9,1,0,0
95,2897,490,5,5.912244898,2,6,0,5,1
1697,52908,6013,222,8.798935639,97,59,5,2,0
57,1314,232,2,5.663793103,2,9,0,2,1
609,19454,2142,57,9.0821662,42,18,5,2,0
54,1600,187,3,8.556149733,2,5,0,2,1
1110,38816,3965,101,9.789659521,66,54,5,21,0
53,1327,209,4,6.349282297,3,11,0,0,1
1107,34378,3910,102,8.792327366,68,54,5,20,0
128,3700,482,11,7.676348548,7,7,0,4,1
121,2184,388,0,5.628865979,2,24,1,0,0
81,2088,362,7,5.767955801,4,5,0,4,1
86,1807,293,0,6.167235495,2,15,1,0,0
80,2440,270,4,9.037037037,4,6,0,3,1
74,1330,252,0,5.277777778,2,11,1,0,0
37,1009,156,1,6.467948718,3,6,0,1,1
59,1943,159,0,12.22012579,1,12,0,0,0
39,1268,163,1,7.779141104,3,6,0,1,1
6533,225882,23891,474,9.454690051,551,17,60,24,0
42,1371,184,2,7.451086957,3,6,0,1,1
591,23244,2346,5,9.907928389,12,10,0,15,0
42,832,179,2,4.648044693,2,6,0,3,1
66,1130,228,0,4.956140351,2,9,1,0,0
50,1549,263,4,5.88973384,3,5,0,1,1
1418,48004,5004,140,9.5931255,85,82,5,31,0
48,1473,246,4,5.987804878,3,5,0,1,1
1201,37132,4232,137,8.774102079,73,50,5,10,0
26,636,118,1,5.389830508,2,8,0,0,1
8341,278990,30400,630,9.177302632,677,17,70,52,0
94,2200,351,5,6.267806268,5,21,0,3,1
58,1058,206,0,5.13592233,2,7,7,0,0
90,2756,350,9,7.874285714,5,6,0,4,1
164,5601,589,1,9.509337861,2,25,0,0,0
23,564,112,3,5.035714286,1,17,0,1,1
897,27770,3159,102,8.790756569,57,27,5,2,0
16,411,86,0,4.779069767,1,12,0,2,1
876,26585,3113,86,8.539993575,57,27,5,2,0
27,813,167,1,4.868263473,1,20,0,4,1
711,21407,2487,70,8.607559308,47,19,5,2,0
16,549,107,3,5.130841121,1,14,0,1,1
384,11145,1358,20,8.206921944,32,4,5,2,0
31,705,122,2,5.778688525,2,12,0,0,1
62,1040,211,0,4.928909953,2,8,1,0,0
21,520,95,1,5.473684211,1,15,0,1,1
802,25108,2824,72,8.890934844,53,35,5,12,0
15,317,55,0,5.763636364,1,7,0,1,1
73,2625,263,1,9.980988593,1,38,0,1,0
80,2338,403,9,5.801488834,4,25,0,9,1
1301,40086,4584,166,8.744764398,77,43,5,2,0
64,1931,368,6,5.247282609,2,23,0,7,1
871,27894,3099,82,9.000968054,57,27,5,2,0
21,410,83,2,4.939759036,1,14,0,1,1
498,14368,1751,40,8.205596802,37,13,5,2,0
22,756,99,1,7.636363636,2,9,0,1,1
206,6689,714,1,9.368347339,4,16,0,1,0
25,595,93,1,6.397849462,1,15,0,1,1
562,21677,2210,5,9.808597285,12,10,0,15,0
39,1191,175,4,6.805714286,2,16,0,2,1
473,10951,1309,0,8.365928189,2,148,1,0,0
25,630,87,0,7.24137931,3,2,0,0,1
66,1222,228,0,5.359649123,2,9,1,0,0
60,1478,266,3,5.556390977,2,30,0,5,1
195,5487,726,9,7.55785124,7,24,0,4,0
55,1260,206,4,6.116504854,1,27,0,2,1
58,1135,209,0,5.43062201,2,8,1,0,0
38,720,145,3,4.965517241,1,20,0,1,1
65,1131,225,0,5.026666667,2,9,1,0,0
32,857,163,3,5.257668712,1,24,0,3,1
1166,34073,4096,135,8.318603516,70,42,5,7,0
31,997,168,2,5.93452381,2,20,0,2,1
695,21452,2446,70,8.770237122,47,19,5,2,0
37,808,153,3,5.281045752,4,7,0,3,1
859,27432,3023,87,9.074429375,54,32,5,7,0
24,625,118,2,5.296610169,1,17,0,2,1
57,1649,189,2,8.724867725,1,24,0,0,0
22,480,95,2,5.052631579,1,8,0,0,1
59,1783,193,2,9.238341969,1,23,0,0,0
64,1841,286,3,6.437062937,4,10,0,6,1
56,1646,176,2,9.352272727,1,24,0,0,0
65,1947,301,3,6.468438538,4,10,0,6,1
63,1936,188,2,10.29787234,1,27,0,0,0
63,1594,298,3,5.348993289,1,18,0,1,1
72,1242,223,0,5.569506726,11,2,0,0,0
67,2318,396,8,5.853535354,2,21,0,3,1
28,597,74,1,8.067567568,1,8,0,1,0
59,1626,259,3,6.277992278,2,10,0,3,1
23,654,63,0,10.38095238,3,2,0,0,0
85,2187,362,2,6.041436464,2,25,0,6,1
100,1789,330,0,5.421212121,19,2,0,0,0
50,1370,240,7,5.708333333,2,22,0,1,1
29,704,80,2,8.8,1,10,0,1,0
51,1169,228,2,5.127192982,1,18,0,2,1
23,655,64,0,10.234375,3,2,0,0,0
44,1232,250,3,4.928,1,15,0,1,1
77,2648,269,1,9.843866171,1,38,0,1,0
38,1173,236,4,4.970338983,1,17,0,1,1
997,29342,3513,118,8.352405352,62,31,5,2,0
63,1766,336,7,5.255952381,1,37,0,0,1
1150,37070,4054,121,9.144055254,71,53,5,15,0
60,1661,333,1,4.987987988,3,12,0,5,1
883,26491,3137,90,8.444692381,57,27,5,2,0
45,1370,289,3,4.740484429,1,15,0,1,1
62,1632,233,2,7.004291845,3,4,0,1,0
51,1403,243,5,5.773662551,1,24,0,5,1
717,26287,2484,5,10.58252818,20,15,0,0,0
48,1219,244,5,4.995901639,1,24,0,5,1
31,1117,99,0,11.28282828,1,12,0,0,0
72,2676,503,4,5.320079523,1,22,0,1,1
11418,400652,41720,956,9.603355705,854,17,80,80,0
69,1746,287,0,6.083623693,4,13,0,3,1
116,4640,402,0,11.54228856,8,3,0,0,0
73,1995,325,2,6.138461538,4,17,0,3,1
381,11014,1352,20,8.146449704,32,4,5,2,0
90,3153,487,6,6.474332649,3,31,0,7,1
1455,46140,5145,179,8.967930029,85,54,5,7,0
56,1704,307,5,5.550488599,3,19,0,7,1
57,885,190,0,4.657894737,9,2,0,0,0
49,844,200,0,4.22,6,0,0,0,1
942,30009,3345,95,8.971300448,60,35,5,7,0
35,623,120,0,5.191666667,4,0,0,0,1
694,20193,2442,70,8.269041769,47,19,5,2,0
38,919,172,0,5.343023256,4,0,0,0,1
76,2637,258,1,10.22093023,10.22093023,2,20,0,0
35,626,120,0,5.216666667,4,0,0,0,1
168,3235,549,0,5.892531876,32,2,0,0,0
67,1312,278,0,4.71942446,8,0,0,0,1
106,3517,303,0,11.60726073,9,2,0,0,0
18,634,67,0,9.462686567,1,0,0,0,1
116,3952,363,7,10.88705234,10,10,0,1,0
73,1184,213,0,5.558685446,6,0,0,0,1
38,1331,96,0,13.86458333,1,8,0,0,0
79,1347,239,0,5.635983264,9,0,0,0,1
75,2499,210,0,11.9,6,7,0,0,0
41,932,126,0,7.396825397,2,0,0,0,1
79,3181,232,0,13.7112069,6,3,0,0,0
263,6182,721,2,8.574202497,12,17,0,1,1
44,1422,121,0,11.75206612,3,7,0,0,0
56,1004,180,0,5.577777778,4,2,0,0,1
95,3321,286,1,11.61188811,7,12,0,0,0
115,2113,384,1,5.502604167,12,3,0,0,1
93,3179,272,1,11.6875,7,4,0,0,0
217,5614,675,21,8.317037037,5,14,0,3,1
43,1796,115,0,15.6173913,1,12,0,0,0
88,2206,259,1,8.517374517,2,2,0,0,1
42,1343,111,0,12.0990991,2,7,0,0,0
48,1335,145,0,9.206896552,4,6,0,0,1
67,2534,206,3,12.30097087,2,10,0,0,0
48,790,137,6,5.766423358,6,3,0,0,1
85,2966,236,0,12.56779661,6,3,0,0,0
46,1492,147,2,10.14965986,2,2,0,0,1
143,3169,498,0,6.363453815,31,2,0,0,0
41,898,139,3,6.460431655,4,5,0,0,1
72,2738,256,1,10.6953125,8,2,0,0,0
38,771,104,0,7.413461538,4,5,0,0,1
50,1727,131,1,13.18320611,1,15,0,0,0
109,2425,381,4,6.364829396,25,4,0,0,1
68,2258,202,0,11.17821782,5,7,0,0,0
100,3070,314,1,9.777070064,3,5,0,0,1
179,5883,714,5,8.239495798,12,6,0,0,0
28,1004,67,0,14.98507463,1,14,0,0,1
57,978,166,0,5.891566265,10,2,0,0,0
52,1655,154,1,10.74675325,4,2,0,0,1
30,1046,79,0,13.24050633,1,5,0,0,0
44,1312,123,0,10.66666667,3,8,0,0,1
31,1128,86,0,13.11627907,2,1,0,0,0
52,1300,154,0,8.961038961,4,12,0,0,1
178,3372,534,0,6.314606742,34,2,0,0,0
99,3046,352,2,8.653409091,9,10,0,0,1
58,2148,173,2,12.41618497,4,2,0,0,0
42,1071,132,3,8.113636364,2,5,0,1,1
60,2206,165,0,13.36969697,3,4,0,0,0
91,2486,277,6,8.974729242,5,11,0,0,1
40,1033,109,0,9.47706422,15,0,0,0,0
33,747,85,0,8.788235294,3,3,0,0,1
136,4771,416,5,11.46875,10,2,0,0,0
125,3179,438,6,7.257990868,5,51,1,2,1
41,1358,110,0,12.34545455,2,6,0,0,0
38,497,106,0,4.688679245,6,2,0,0,1
77,2453,226,4,10.8539823,7,4,0,0,0
21,485,63,0,7.698412698,2,2,0,0,1
40,1306,140,2,9.328571429,3,9,0,3,0
21,485,63,0,7.698412698,2,2,0,0,1
95,1727,284,0,6.080985915,18,2,0,0,0
21,485,63,0,7.698412698,2,2,0,0,1
103,3944,325,3,12.13538462,6,2,0,1,0
22,451,69,0,6.536231884,3,2,0,0,1
38,1165,118,0,9.872881356,14,0,0,0,0
41,1136,154,0,7.376623377,2,17,0,1,1
67,2219,190,0,11.67894737,5,3,0,0,0
56,1831,181,2,10.1160221,2,2,0,1,1
67,1140,207,0,5.507246377,12,2,0,0,0
48,1653,113,0,14.62831858,3,17,0,0,1
168,3331,543,0,6.134438306,32,2,0,0,0
30,983,126,0,7.801587302,3,2,0,0,1
58,2265,173,2,13.09248555,4,2,0,0,0
29,562,91,0,6.175824176,4,2,0,0,1
84,3047,253,1,12.04347826,6,12,0,0,0
51,1658,165,2,10.04848485,2,2,0,1,1
172,6243,540,11,11.56111111,14,6,0,1,0
45,1361,122,0,11.1557377,3,13,0,0,1
70,2790,199,0,14.0201005,3,7,0,0,0
21,597,65,0,9.184615385,2,3,0,0,1
38,1354,99,0,13.67676768,1,9,0,0,0
18,356,51,0,6.980392157,0,0,0,0,1
44,1648,117,1,14.08547009,1,12,0,0,0
41,838,132,4,6.348484848,5,2,0,0,1
105,1914,318,0,6.018867925,20,2,0,0,0
42,1099,144,0,7.631944444,3,10,0,0,1
67,1943,198,3,9.813131313,6,2,0,0,0
105,1533,308,0,4.977272727,18,2,0,0,1
77,1299,224,0,5.799107143,14,2,0,0,0
117,3356,385,7,8.716883117,2,2,0,1,1
106,1811,309,0,5.860841424,20,2,0,0,0
112,3292,353,2,9.325779037,4,7,0,0,1
33,1210,108,1,11.2037037,3,7,0,1,0
41,1338,118,0,11.33898305,1,13,0,0,1
127,2096,369,0,5.680216802,24,2,0,0,0
136,2550,434,0,5.875576037,18,2,0,0,1
46,1524,130,1,11.72307692,2,8,0,0,0
99,2240,346,3,6.473988439,10,7,0,0,1
69,2626,243,3,10.80658436,3,26,0,4,0
107,3471,368,5,9.432065217,3,20,0,0,1
77,1281,218,0,5.876146789,14,2,0,0,0
73,2422,232,0,10.43965517,4,15,0,0,1
42,1481,123,0,12.04065041,3,3,0,0,0
32,881,101,0,8.722772277,0,0,0,0,1
35,1099,93,1,11.8172043,2,2,0,0,0
153,2799,464,0,6.032327586,23,2,0,0,1
58,1706,215,0,7.934883721,3,9,0,5,0
174,3915,578,9,6.773356401,3,46,0,1,1
49,1731,155,0,11.16774194,2,8,0,1,0
32,878,94,0,9.340425532,1,4,0,0,1
45,1472,122,0,12.06557377,3,5,0,0,0
112,2600,337,0,7.715133531,6,15,0,0,1
54,1886,145,0,13.00689655,3,1,0,0,0
36,708,113,0,6.265486726,3,2,0,0,1
37,1198,98,0,12.2244898,1,10,0,0,0
35,820,116,0,7.068965517,1,3,0,0,1
33,1075,87,0,12.35632184,1,6,0,0,0
84,1427,278,0,5.133093525,16,2,0,0,1
77,2769,238,2,11.63445378,4,8,0,0,0
66,1744,182,0,9.582417582,5,7,0,0,1
42,1382,121,0,11.4214876,2,5,0,0,0
53,1423,137,0,10.38686131,5,2,0,0,1
32,1019,85,0,11.98823529,1,6,0,0,0
57,910,165,0,5.515151515,10,2,0,0,1
33,1070,86,0,12.44186047,1,6,0,0,0
57,910,165,0,5.515151515,10,2,0,0,1
33,1094,86,0,12.72093023,1,6,0,0,0
51,1423,142,1,10.02112676,4,2,0,0,1
78,2894,240,2,12.05833333,4,8,0,0,0
70,2522,211,0,11.95260664,23,0,0,0,1
45,1494,136,1,10.98529412,2,9,0,0,0
76,1397,256,2,5.45703125,12,2,0,0,1
80,2885,249,0,11.58634538,3,10,0,0,0
69,1983,197,0,10.06598985,6,2,0,0,1
33,1039,87,0,11.94252874,1,6,0,0,0
112,4537,393,5,11.54452926,6,10,0,2,1
32,1056,85,0,12.42352941,1,6,0,0,0
56,1856,181,2,10.25414365,3,6,0,3,1
187,3381,585,0,5.779487179,36,2,0,0,0
108,3959,389,7,10.17737789,4,17,0,1,1
118,4307,376,4,11.45478723,6,9,0,0,0
104,4075,369,12,11.04336043,4,7,0,3,1
109,3536,327,4,10.81345566,11,7,0,1,0
158,3079,469,0,6.565031983,25,8,0,0,1
159,4243,463,6,9.164146868,2,7,0,0,0
97,2962,307,0,9.648208469,9,7,0,0,1
73,1800,189,1,9.523809524,2,7,0,0,0
59,988,150,0,6.586666667,8,2,0,0,1
73,1772,187,1,9.475935829,2,7,0,0,0
58,1657,168,0,9.863095238,4,7,0,0,1
73,1797,188,1,9.558510638,2,7,0,0,0
38,1123,101,0,11.11881188,4,2,0,0,1
76,1858,192,1,9.677083333,2,7,0,0,0
105,3244,348,3,9.32183908,10,2,0,1,1
76,1912,195,1,9.805128205,2,7,0,0,0
108,2165,316,0,6.851265823,17,2,0,0,1
73,1718,201,0,8.547263682,1,2,0,0,0
82,2343,241,0,9.721991701,7,7,0,0,1
180,5359,455,9,11.77802198,2,7,0,0,0
122,4146,419,5,9.894988067,9,34,0,2,1
180,5281,445,9,11.86741573,2,7,0,0,0
57,2134,174,1,12.26436782,4,2,0,0,1
180,5438,463,9,11.74514039,2,7,0,0,0
113,4787,471,0,10.16348195,1,13,0,1,1
76,1854,190,1,9.757894737,2,7,0,0,0
72,1549,194,0,7.984536082,10,2,0,0,1
73,1786,189,1,9.44973545,2,7,0,0,0
84,2614,254,0,10.29133858,7,7,0,0,1
81,1808,204,0,8.862745098,1,2,0,1,0
66,2048,196,0,10.44897959,8,2,0,0,1
117,3318,346,5,9.589595376,2,8,0,0,0
98,1708,269,0,6.349442379,16,2,0,0,1
76,1898,195,1,9.733333333,2,7,0,0,0
100,4101,327,2,12.5412844,2,32,0,2,1
76,1833,190,1,9.647368421,2,7,0,0,0
72,1937,201,0,9.63681592,6,7,0,0,1
76,1914,193,1,9.917098446,2,7,0,0,0
59,1543,167,0,9.239520958,7,2,0,0,1
76,1965,198,1,9.924242424,2,7,0,0,0
41,1282,142,1,9.028169014,3,11,1,1,1
76,1921,197,1,9.751269036,2,7,0,0,0
94,1835,277,0,6.624548736,16,2,0,0,1
76,1912,195,1,9.805128205,2,7,0,0,0
39,702,111,0,6.324324324,6,2,0,0,1
76,1854,190,1,9.757894737,2,7,0,0,0
33,833,85,0,9.8,3,4,0,0,1
104,2679,259,5,10.34362934,2,8,0,0,0
29,1378,129,0,10.68217054,0,0,0,0,1
73,1766,187,1,9.443850267,2,7,0,0,0
70,2667,228,0,11.69736842,5,4,0,0,1
120,3411,381,1,8.952755906,2,8,0,0,0
83,2508,293,2,8.559726962,3,1,0,0,1
73,1786,189,1,9.44973545,2,7,0,0,0
92,2461,312,3,7.887820513,6,11,0,0,1
76,1835,190,1,9.657894737,2,7,0,0,0
96,2978,360,4,8.272222222,4,7,0,1,1
76,1857,190,1,9.773684211,2,7,0,0,0
87,2922,357,12,8.18487395,2,24,0,0,1
80,1876,261,1,7.187739464,3,10,1,1,0
28,504,81,0,6.222222222,4,2,0,0,1
161,2844,511,0,5.56555773,16,2,0,0,0
75,3037,312,2,9.733974359,4,12,0,0,1
76,1451,248,0,5.850806452,6,2,0,0,0
111,2930,351,6,8.347578348,8,10,0,0,1
68,1479,203,0,7.285714286,3,6,0,1,0
78,2329,240,0,9.704166667,5,7,0,0,1
90,2807,357,0,7.862745098,0,0,0,0,0
49,1475,145,2,10.17241379,2,2,0,0,1
141,3482,378,0,9.211640212,5,4,0,0,0
32,527,90,0,5.855555556,4,0,0,0,1
219,5268,683,6,7.713030747,4,25,0,0,0
168,3308,529,0,6.253308129,33,2,0,0,1
316,6633,882,12,7.520408163,10,59,1,3,0
138,4001,435,1,9.197701149,9,2,0,0,1
149,3535,513,4,6.890838207,4,7,0,1,0
116,4085,385,6,10.61038961,10,11,0,1,1
165,3987,554,12,7.196750903,3,2,0,0,0
41,1446,106,0,13.64150943,1,8,0,0,1
60,1159,195,0,5.943589744,4,2,0,0,0
75,2499,210,0,11.9,6,7,0,0,1
166,4450,498,3,8.935742972,4,28,0,0,0
82,3104,237,0,13.09704641,6,3,0,0,1
336,6536,1015,12,6.439408867,13,5,0,0,0
47,1594,133,0,11.98496241,3,7,0,0,1
116,2845,347,0,8.198847262,5,7,0,0,0
101,3538,298,1,11.87248322,7,11,0,0,1
88,2181,266,2,8.19924812,2,2,0,0,0
115,3355,365,1,9.191780822,7,4,0,0,1
59,1188,192,0,6.1875,4,0,0,0,0
57,2105,179,0,11.75977654,1,12,0,0,1
44,937,132,1,7.098484848,2,6,0,0,0
61,1765,193,0,9.14507772,2,7,0,0,1
69,1037,202,0,5.133663366,6,0,0,0,0
87,3046,290,1,10.50344828,2,5,0,0,1
57,1028,167,0,6.155688623,4,0,0,0,0
117,3373,338,1,9.979289941,6,3,0,0,1
61,1382,217,0,6.368663594,4,0,0,0,0
161,3393,557,0,6.091561939,31,2,0,0,1
58,1117,179,0,6.240223464,4,0,0,0,0
72,2678,258,0,10.41472868,8,3,0,0,1
99,1823,339,0,5.377581121,8,0,0,0,0
75,2543,254,1,10.01181102,2,8,0,0,1
50,1393,179,0,7.782122905,1,0,0,0,0
108,3376,401,0,8.418952618,5,7,0,0,1
73,1184,213,0,5.558685446,6,0,0,0,0
141,4275,575,6,7.434782609,13,9,0,0,1
79,1347,239,0,5.635983264,9,0,0,0,0
57,1074,176,1,6.102272727,10,2,0,0,1
41,932,126,0,7.396825397,2,0,0,0,0
30,1065,79,0,13.48101266,1,5,0,0,1
263,6182,721,2,8.574202497,12,17,0,1,0
36,1339,111,1,12.06306306,2,1,0,0,1
56,1004,180,0,5.577777778,4,2,0,0,0
167,3393,531,0,6.389830508,34,2,0,0,1
115,2113,384,1,5.502604167,12,3,0,0,0
60,2348,187,2,12.55614973,4,2,0,0,1
217,5614,675,21,8.317037037,5,14,0,3,0
63,2286,175,0,13.06285714,3,4,0,0,1
88,2206,259,1,8.517374517,2,2,0,0,0
49,1376,174,0,7.908045977,15,0,0,0,1
80,1993,243,0,8.201646091,4,6,0,0,0
144,4780,445,5,10.74157303,12,6,0,0,1
94,1897,266,6,7.131578947,6,3,0,0,0
69,2055,238,0,8.634453782,3,3,0,0,1
86,2363,269,2,8.784386617,2,2,0,0,0
76,2425,225,4,10.77777778,7,4,0,0,1
77,1631,244,3,6.68442623,4,6,0,0,0
51,1695,232,0,7.306034483,3,4,0,0,1
62,1285,177,0,7.259887006,4,4,0,0,0
114,2376,386,0,6.155440415,19,2,0,0,1
235,4103,663,15,6.188536953,25,3,0,0,0
110,3955,343,3,11.53061224,8,6,0,1,1
188,5144,564,2,9.120567376,4,7,0,0,0
45,1191,124,0,9.60483871,14,0,0,0,1
63,1759,178,0,9.882022472,1,14,0,0,0
76,2432,232,0,10.48275862,5,3,0,0,1
102,2457,278,3,8.838129496,2,2,0,0,0
67,1226,221,0,5.547511312,12,2,0,0,1
76,1973,227,0,8.691629956,3,8,0,0,0
169,3449,536,0,6.434701493,33,2,0,0,1
83,1866,260,0,7.176923077,4,13,0,0,0
64,2575,192,2,13.41145833,4,2,0,0,1
146,3804,462,4,8.233766234,5,35,0,0,0
113,4052,391,2,10.36317136,10,2,0,0,1
81,1826,243,3,7.514403292,2,6,0,1,0
163,5829,498,11,11.70481928,14,5,0,1,1
152,3920,439,5,8.929384966,5,11,0,0,0
96,3146,300,0,10.48666667,4,2,0,0,1
75,1603,222,1,7.220720721,3,6,0,0,0
60,1780,176,0,10.11363636,2,7,0,0,1
198,4713,652,8,7.228527607,5,67,1,3,0
56,1762,154,1,11.44155844,2,2,0,0,1
48,1028,166,0,6.192771084,6,2,0,0,0
98,1940,315,0,6.158730159,20,2,0,0,1
58,1302,187,0,6.962566845,2,2,0,0,0
73,2065,216,3,9.560185185,6,2,0,0,1
58,1304,186,0,7.010752688,2,2,0,0,0
70,1301,217,0,5.995391705,14,2,0,0,1
58,1340,192,0,6.979166667,2,2,0,0,0
97,1813,300,0,6.043333333,20,2,0,0,1
66,1245,203,0,6.133004926,3,2,0,0,0
43,1511,156,3,9.685897436,1,24,0,1,1
130,3280,432,0,7.592592593,2,17,0,1,0
130,2263,400,0,5.6575,24,2,0,0,1
89,2639,277,2,9.527075812,2,2,0,1,0
66,2196,224,3,9.803571429,2,24,0,1,1
78,2390,209,0,11.4354067,3,17,0,0,0
68,2347,232,1,10.11637931,3,14,0,2,1
61,1971,198,0,9.954545455,3,2,0,0,0
80,1391,241,0,5.771784232,14,2,0,0,1
58,1188,181,0,6.563535912,4,2,0,0,0
45,1631,154,0,10.59090909,3,4,0,0,1
89,2518,287,2,8.773519164,2,2,0,1,0
49,1726,159,1,10.85534591,2,3,0,0,1
74,2039,219,0,9.310502283,3,13,0,0,0
63,1906,228,0,8.359649123,3,11,0,5,1
49,1354,155,0,8.735483871,2,3,0,0,0
43,1371,126,0,10.88095238,2,7,0,0,1
32,936,116,0,8.068965517,0,0,0,0,0
48,1492,128,0,11.65625,3,5,0,0,1
101,1759,299,4,5.882943144,5,2,0,0,0
64,2073,188,0,11.02659574,3,9,0,0,1
68,1679,219,0,7.666666667,3,10,0,0,0
46,1430,140,0,10.21428571,1,10,0,0,1
164,2764,546,0,5.062271062,18,2,0,0,0
42,1304,131,0,9.954198473,1,6,0,0,1
151,3808,480,7,7.933333333,2,2,0,1,0
93,3136,318,1,9.86163522,6,10,0,0,1
177,4941,536,4,9.218283582,6,14,0,1,0
52,1535,157,0,9.777070064,2,5,0,0,1
53,1442,151,0,9.549668874,1,13,0,0,0
41,1295,133,0,9.736842105,1,6,0,0,1
317,5788,1196,3,4.839464883,25,2,0,0,0
41,1284,127,0,10.11023622,1,6,0,0,1
169,4292,783,3,5.481481481,11,7,0,0,0
40,1238,113,0,10.95575221,1,6,0,0,1
149,4030,481,5,8.378378378,4,2,0,0,0
93,3214,318,1,10.10691824,6,10,0,0,1
94,2762,281,0,9.829181495,4,15,0,0,0
51,1635,161,0,10.1552795,2,4,0,0,1
36,949,112,0,8.473214286,0,0,0,0,0
97,3162,298,0,10.61073826,3,10,0,0,1
262,4573,830,0,5.509638554,28,2,0,0,0
39,1143,106,0,10.78301887,1,6,0,0,1
279,6177,887,13,6.963923337,4,48,0,2,0
38,1151,104,0,11.06730769,1,6,0,0,1
38,978,111,0,8.810810811,1,4,0,0,0
173,3445,579,0,5.949913644,36,2,0,0,1
131,2961,378,0,7.833333333,6,15,0,0,0
122,4410,375,4,11.76,6,9,0,0,1
52,911,159,0,5.729559748,3,2,0,0,0
121,4129,414,3,9.973429952,12,4,0,0,1
49,987,152,0,6.493421053,1,3,0,0,0
122,4739,517,4,9.166344294,2,9,0,0,1
93,3103,328,0,9.460365854,3,2,0,0,0
73,2406,266,1,9.045112782,2,5,0,0,1
68,2079,255,0,8.152941176,1,2,0,0,0
72,2356,258,1,9.131782946,2,5,0,0,1
162,3846,439,5,8.760820046,10,19,0,0,0
72,2381,259,1,9.193050193,2,5,0,0,1
89,2289,275,0,8.323636364,6,3,0,0,0
73,2366,255,1,9.278431373,2,5,0,0,1
129,4154,392,0,10.59693878,2,65,0,2,0
75,2442,263,1,9.285171103,2,5,0,0,1
118,3032,391,0,7.754475703,5,42,0,2,0
60,2108,216,0,9.759259259,2,18,0,1,1
59,1932,244,0,7.918032787,1,21,0,0,0
113,4523,482,9,9.383817427,4,5,0,0,1
100,2441,353,1,6.915014164,8,2,0,1,0
113,4499,470,9,9.572340426,4,5,0,0,1
126,3876,386,3,10.04145078,5,12,0,0,0
111,4725,485,9,9.742268041,4,5,0,0,1
82,2489,334,0,7.452095808,7,0,0,0,0
48,1648,182,0,9.054945055,0,0,0,0,1
160,4563,571,0,7.991243433,24,2,0,0,0
68,2206,239,1,9.230125523,2,5,0,0,1
85,2234,299,0,7.471571906,5,16,0,0,0
63,1945,203,0,9.581280788,2,21,0,1,1
125,3520,424,10,8.301886792,4,6,0,1,0
109,4023,385,5,10.44935065,2,10,0,0,1
144,3575,437,0,8.180778032,11,30,0,0,0
70,2180,242,1,9.008264463,2,2,0,0,1
69,2279,293,2,7.778156997,4,6,0,0,0
70,2291,240,1,9.545833333,2,2,0,0,1
101,2655,259,6,10.25096525,3,10,0,0,0
70,2316,236,1,9.813559322,2,2,0,0,1
76,1960,274,0,7.153284672,5,9,0,0,0
70,2364,241,1,9.809128631,2,2,0,0,1
98,2466,344,0,7.168604651,4,31,0,0,0
82,2706,292,1,9.267123288,2,9,0,0,1
102,2057,280,0,7.346428571,11,5,0,0,0
82,2630,284,1,9.26056338,2,9,0,0,1
165,4244,500,5,8.488,10,14,0,1,0
88,2999,309,5,9.705501618,3,10,0,0,1
196,2909,545,0,5.337614679,16,2,0,0,0
79,2579,285,1,9.049122807,2,9,0,0,1
118,3067,390,0,7.864102564,5,42,0,2,0
79,2587,286,1,9.045454545,2,9,0,0,1
137,3625,437,2,8.295194508,10,2,0,1,1
81,2594,281,1,9.231316726,2,9,0,0,1
150,3549,413,0,8.593220339,3,45,0,7,0
81,2617,282,1,9.280141844,2,9,0,0,1
98,2417,316,3,7.648734177,3,5,0,2,0
96,3137,379,3,8.277044855,3,2,0,0,1
140,3942,418,1,9.43062201,5,15,0,8,0
24,571,81,0,7.049382716,2,0,0,0,1
82,2493,293,0,8.508532423,3,14,0,2,0
78,1979,312,1,6.342948718,2,5,0,0,1
90,2259,301,0,7.504983389,5,16,0,0,0
69,2594,372,2,6.97311828,2,12,0,0,1
91,2541,323,0,7.866873065,4,21,0,1,0
85,1985,232,0,8.556034483,9,2,0,0,1
77,1958,297,0,6.592592593,4,3,0,0,0
120,3271,369,0,8.864498645,4,3,2,0,1
78,2065,273,3,7.564102564,1,28,0,0,0
136,3794,591,7,6.41962775,14,4,0,0,1
88,2358,288,0,8.1875,3,14,0,0,0
98,3133,504,3,6.216269841,3,6,0,2,1
95,2462,345,0,7.136231884,5,22,0,0,0
109,2784,510,0,5.458823529,8,2,0,0,1
99,2468,348,0,7.091954023,5,22,0,0,0
92,3007,403,0,7.461538462,8,3,0,0,1
173,2421,406,0,5.963054187,12,16,0,0,0
126,4103,458,6,8.958515284,5,7,0,2,1
76,1103,204,0,5.406862745,4,4,0,0,0
73,2038,314,1,6.49044586,4,1,0,0,1
57,1111,166,0,6.692771084,1,21,0,2,0
86,1674,289,0,5.792387543,16,2,0,0,1
48,1013,143,0,7.083916084,1,15,0,2,0
128,3619,570,2,6.349122807,10,9,0,0,1
47,977,142,1,6.88028169,1,26,0,3,0
176,5343,639,8,8.361502347,17,26,1,0,1
35,1002,139,0,7.208633094,1,7,0,0,0
38,1150,134,2,8.582089552,2,5,0,0,1
42,1468,175,0,8.388571429,1,16,0,0,0
159,5007,686,8,7.298833819,9,2,0,0,1
55,1389,182,0,7.631868132,1,14,0,2,0
94,2642,402,1,6.572139303,4,2,0,0,1
63,1542,211,1,7.308056872,2,10,0,2,0
62,1653,257,0,6.431906615,3,2,0,1,1
163,4573,466,7,9.813304721,5,1,0,0,0
80,1991,266,1,7.484962406,7,2,0,1,1
152,4071,462,4,8.811688312,11,3,0,0,0
96,3040,383,4,7.937336815,4,18,0,0,1
78,1107,171,0,6.473684211,1,3,0,0,0
78,2103,266,0,7.906015038,4,2,0,2,1
74,2116,240,0,8.816666667,1,7,0,0,0
65,2085,236,1,8.834745763,6,13,0,0,1
49,1163,151,0,7.701986755,1,13,0,0,0
206,5405,676,10,7.99556213,22,2,0,0,1
89,2085,314,0,6.640127389,5,9,0,4,0
137,4050,564,8,7.180851064,6,8,0,0,1
47,1114,173,0,6.439306358,1,9,0,1,0
83,2766,296,0,9.344594595,5,4,0,1,1
93,2114,319,0,6.626959248,5,10,0,4,0
142,5417,565,2,9.587610619,6,1,1,2,1
113,2468,387,0,6.377260982,6,9,0,5,0
45,1198,151,0,7.933774834,3,2,0,0,1
47,993,162,0,6.12962963,1,12,0,0,0
125,4087,548,10,7.458029197,3,12,0,2,1
41,1250,167,0,7.48502994,1,10,0,0,0
32,1001,139,0,7.201438849,1,0,0,0,1
54,1045,184,0,5.679347826,3,2,0,0,0
78,2265,253,1,8.95256917,6,2,0,0,1
65,1259,213,1,5.910798122,2,6,0,2,0
134,4320,528,4,8.181818182,5,9,0,3,1
162,2721,413,0,6.588377724,11,3,0,0,0
71,1421,220,0,6.459090909,12,2,0,0,1
125,2131,340,0,6.267647059,14,11,0,0,0
142,3021,458,0,6.596069869,21,4,0,0,1
35,1051,115,0,9.139130435,1,6,0,0,0
49,1476,189,0,7.80952381,1,14,0,0,1
75,1569,257,0,6.105058366,4,15,0,0,0
117,3688,521,0,7.078694818,6,7,0,0,1
56,992,156,0,6.358974359,3,4,0,0,0
151,4351,643,3,6.766718507,9,7,0,0,1
55,885,125,0,7.08,1,4,0,0,0
97,3339,402,5,8.305970149,6,10,0,0,1
43,955,137,0,6.97080292,2,13,0,0,0
90,2689,309,2,8.702265372,5,2,0,0,1
57,895,149,0,6.006711409,1,14,0,4,0
30,1007,179,0,5.625698324,1,0,0,0,1
53,1249,168,0,7.43452381,2,16,0,1,0
129,4362,514,5,8.486381323,3,3,0,1,1
51,1172,157,0,7.464968153,1,19,0,2,0
49,1394,242,0,5.760330579,0,0,0,0,1
59,1039,160,0,6.49375,1,22,0,2,0
74,2435,405,0,6.012345679,0,0,0,0,1
44,1036,163,0,6.355828221,1,19,0,1,0
95,3424,440,1,7.781818182,6,3,0,0,1
61,1649,221,0,7.461538462,1,21,0,1,0
66,1769,311,0,5.688102894,6,1,0,0,1
65,960,133,0,7.218045113,1,2,0,0,0
51,1501,256,0,5.86328125,1,2,0,0,1
56,972,134,2,7.253731343,1,21,0,0,0
224,7413,806,9,9.197270471,17,5,0,2,1
54,968,136,2,7.117647059,1,19,0,0,0
38,1016,127,1,8,2,2,0,0,1
87,1334,231,0,5.774891775,3,4,0,0,0
109,3383,406,6,8.332512315,10,6,0,0,1
77,984,192,0,5.125,6,3,0,0,0
83,2269,283,3,8.017667845,3,21,0,1,1
41,1125,152,0,7.401315789,1,8,0,1,0
71,1991,297,1,6.703703704,5,3,0,0,1
79,1432,201,0,7.124378109,1,28,0,5,0
112,2830,386,7,7.331606218,10,3,0,0,1
40,1081,135,0,8.007407407,1,7,0,0,0
78,2293,321,2,7.143302181,4,13,0,2,1
70,1705,224,1,7.611607143,1,13,0,1,0
81,2344,391,0,5.99488491,5,2,0,0,1
59,1436,196,0,7.326530612,1,12,0,1,0
32,957,159,0,6.018867925,3,0,0,0,1
53,936,144,0,6.5,3,2,0,0,0
114,4375,642,1,6.814641745,8,4,0,0,1
54,964,144,0,6.694444444,2,7,0,2,0
30,749,136,0,5.507352941,3,0,0,0,1
69,1235,225,3,5.488888889,5,9,0,4,0
64,1790,225,1,7.955555556,3,2,0,0,1
63,1157,210,3,5.50952381,2,2,0,1,0
58,1952,246,0,7.93495935,2,8,0,0,1
43,955,135,0,7.074074074,1,10,0,0,0
128,3994,513,9,7.785575049,15,5,1,5,1
85,2439,253,0,9.640316206,1,5,0,0,0
195,5970,596,6,10.01677852,21,11,0,1,1
54,1070,246,0,4.349593496,3,4,0,2,0
75,2783,336,0,8.282738095,2,4,1,0,1
43,1067,138,0,7.731884058,3,5,0,0,0
63,1670,231,0,7.229437229,4,4,1,0,1
51,964,185,0,5.210810811,1,8,0,0,0
67,2359,307,2,7.684039088,2,2,0,0,1
50,1072,160,0,6.7,1,6,0,0,0
56,1402,217,0,6.460829493,0,0,0,0,1
163,2650,436,0,6.077981651,20,18,0,0,0
130,4367,599,6,7.29048414,12,4,0,2,1
81,1834,261,0,7.026819923,5,2,0,0,0
56,1617,202,1,8.004950495,7,2,0,0,1
148,2237,358,0,6.248603352,12,14,0,0,0
129,4958,511,1,9.702544031,14,2,0,0,1
59,945,147,0,6.428571429,3,6,0,0,0
37,1045,107,0,9.76635514,3,3,0,0,1
87,1769,321,4,5.510903427,2,7,0,4,0
119,3927,356,0,11.03089888,7,2,0,0,1
48,1286,183,0,7.027322404,1,10,0,1,0
95,2850,276,0,10.32608696,6,2,0,0,1
47,1135,155,0,7.322580645,1,14,0,0,0
59,1403,150,0,9.353333333,2,6,0,0,1
47,1024,135,1,7.585185185,1,15,0,1,0
73,1829,213,0,8.58685446,9,2,0,0,1
49,1132,139,1,8.143884892,1,17,0,0,0
54,1106,205,0,5.395121951,2,9,1,0,1
62,1421,164,0,8.664634146,3,0,0,0,0
678,30800,3072,116,10.02604167,73,42,5,10,1
56,1149,200,0,5.745,1,8,0,1,0
176,7513,922,7,8.148590022,31,1,1,1,1
46,949,161,1,5.894409938,1,18,0,2,0
325,13176,1380,30,9.547826087,37,18,5,2,1
57,1072,226,0,4.743362832,2,4,0,0,0
100,2604,436,0,5.972477064,2,24,1,0,1
65,1295,269,0,4.814126394,2,5,0,0,0
73,2030,308,0,6.590909091,2,15,1,0,1
45,955,119,0,8.025210084,1,12,0,0,0
61,1302,245,0,5.314285714,2,11,1,0,1
47,961,151,2,6.364238411,2,12,0,1,0
60,1718,208,0,8.259615385,1,17,0,0,1
40,965,132,0,7.310606061,2,10,0,1,0
184,6811,672,2,10.13541667,3,31,0,3,1
62,1752,206,0,8.504854369,1,14,0,0,0
57,1040,219,0,4.748858447,2,9,1,0,1
48,1162,158,0,7.35443038,1,4,0,0,0
55,1024,213,0,4.807511737,2,9,1,0,1
86,1589,216,0,7.356481481,7,21,0,0,0
678,30800,3072,116,10.02604167,73,42,5,10,1
113,2283,343,2,6.655976676,4,20,0,1,0
57,1274,246,0,5.178861789,2,7,1,0,1
85,1964,277,0,7.090252708,3,11,0,0,0
110,4167,427,1,9.758782201,2,23,0,0,1
46,977,155,0,6.303225806,2,2,0,0,0
310,13898,1524,32,9.119422572,43,27,2,2,1
55,1135,169,1,6.715976331,1,23,0,2,0
376,13480,1616,24,8.341584158,42,23,2,2,1
49,1093,163,0,6.705521472,1,21,0,1,0
328,11861,1409,23,8.418026969,36,5,2,2,1
82,2064,282,3,7.319148936,2,18,0,1,0
295,8096,1059,17,7.644948064,32,4,0,2,1
87,1116,232,1,4.810344828,1,11,0,1,0
62,1098,226,0,4.85840708,2,8,1,0,1
129,2559,384,0,6.6640625,24,2,0,0,0
242,9642,1149,17,8.391644909,31,2,1,3,1
123,3755,457,0,8.216630197,10,7,0,0,0
119,4601,654,4,7.035168196,4,7,0,1,1
46,948,120,0,7.9,12,0,0,0,0
568,27892,3052,108,9.138925295,78,43,0,2,1
180,5168,616,2,8.38961039,12,36,0,10,0
757,25569,2700,61,9.47,57,27,6,2,1
138,3112,450,0,6.915555556,25,9,0,0,0
323,10553,10553,29,8.238095238,37,13,5,2,1
102,2679,338,0,7.926035503,9,7,0,0,0
203,6430,673,1,9.55423477,4,19,0,1,1
59,1075,152,0,7.072368421,8,2,0,0,0
174,6648,669,1,9.937219731,6,19,0,3,1
62,1413,173,0,8.167630058,5,7,0,0,0
187,4152,430,1,9.655813953,2,7,0,1,1
135,3106,431,4,7.20649652,10,3,0,3,0
56,911,183,1,4.978142077,2,7,0,1,1
123,2982,404,0,7.381188119,22,2,0,0,0
162,4026,587,10,6.858603066,7,25,0,4,1
103,2388,302,0,7.907284768,9,7,0,0,0
54,1306,242,0,5.396694215,2,8,1,0,1
112,2308,408,2,5.656862745,6,7,0,0,0
60,1181,258,0,4.57751938,2,9,1,0,1
90,2052,296,0,6.932432432,8,2,0,4,0
232,9046,1137,11,7.956024626,14,2,1,1,1
74,1606,250,2,6.424,5,2,0,0,0
326,15672,1596,46,9.819548872,43,19,5,2,1
86,3105,266,0,11.67293233,1,55,0,4,0
396,17129,1692,0,10.12352246,0,0,0,0,1
193,4261,682,6,6.247800587,4,24,0,4,0
53,1586,181,1,8.762430939,1,20,0,0,1
66,1277,166,0,7.692771084,8,2,0,0,0
58,1779,212,1,8.391509434,1,19,0,0,1
60,1578,178,0,8.865168539,1,16,0,1,0
55,1601,190,1,8.426315789,1,18,0,0,1
70,1617,203,0,7.965517241,9,8,0,0,0
59,1806,194,1,9.309278351,1,22,0,0,1
127,3888,406,7,9.57635468,2,21,0,1,0
74,1379,247,0,5.582995951,11,2,0,0,1
57,1133,152,0,7.453947368,8,2,0,0,0
33,869,106,1,8.198113208,1,8,0,1,1
63,1421,174,0,8.166666667,5,7,0,0,0
45,1079,163,0,6.619631902,3,2,0,0,1
82,1935,238,0,8.130252101,7,7,0,0,0
124,2508,435,0,5.765517241,19,2,0,0,1
106,2827,323,4,8.752321981,7,2,0,1,0
33,869,106,1,8.198113208,1,8,0,1,1
220,4495,781,0,5.755441741,58,2,0,0,0
45,1079,163,0,6.619631902,3,2,0,0,1
201,4145,725,0,5.717241379,54,2,0,0,0
79,2632,294,2,8.952380952,1,39,0,1,1
86,3855,280,0,13.76785714,5,5,0,2,0
228,8699,1166,0,7.460548885,0,0,,0,1
185,5270,577,11,9.133448873,5,18,0,0,0
379,15114,1740,0,8.686206897,0,0,0,0,1
136,3145,441,0,7.131519274,23,8,0,0,0
336,14588,1727,43,8.44701795,49,27,2,2,1
95,2472,284,0,8.704225352,9,7,0,0,0
74,2311,345,3,6.698550725,3,7,0,1,1
180,4868,630,12,7.726984127,11,36,0,7,0
259,9042,858,1,10.53846154,18,9,0,0,1
162,3943,545,0,7.234862385,32,2,0,0,0
31,954,94,0,10.14893617,1,10,0,0,1
80,1432,217,1,6.599078341,12,2,0,0,0
113,4164,395,0,10.54177215,8,3,0,0,1
67,1587,191,0,8.308900524,6,3,0,0,0
220,7406,916,19,8.085152838,32,3,0,2,1
122,2253,349,0,6.455587393,22,2,0,0,0
164,7847,850,0,9.231764706,0,0,0,0,1
68,1531,183,0,8.366120219,6,7,0,0,0
61,973,194,0,5.015463918,9,2,0,0,1
72,1646,186,3,8.849462366,5,2,0,1,0
350,16343,1735,0,9.419596542,0,0,0,0,1
148,4832,462,5,10.45887446,6,8,0,1,0
286,10579,1316,34,8.038753799,38,2,5,2,1
43,1031,112,0,9.205357143,13,0,0,0,0
91,2965,362,4,8.190607735,2,25,0,1,1
164,5294,621,0,8.524959742,14,2,0,0,0
7,143,20,0,7.15,1,2,0,0,1
72,1401,188,1,7.45212766,10,5,0,0,0
128,2387,462,0,5.166666667,12,16,0,0,1
75,1866,212,1,8.801886792,6,3,0,0,0
31,695,121,0,5.743801653,4,4,4,0,1
129,4662,410,3,11.37073171,6,8,0,2,0
58,1541,254,0,6.066929134,1,25,0,2,1
193,3791,576,0,6.581597222,38,2,0,0,0
47,1189,216,0,5.50462963,1,15,0,2,1
53,1206,140,1,8.614285714,5,7,0,0,0
51,1137,196,1,5.801020408,1,26,0,3,1
66,1544,172,2,8.976744186,5,3,0,1,0
30,868,146,0,5.945205479,1,7,0,0,1
86,1581,258,0,6.127906977,16,2,0,0,0
48,1636,233,0,7.021459227,1,16,0,0,1
66,1517,182,0,8.335164835,6,7,0,0,0
55,1578,235,0,6.714893617,1,17,0,2,1
52,1200,141,1,8.510638298,5,2,0,1,0
67,1857,318,2,5.839622642,2,8,0,2,1
62,1155,174,0,6.637931034,10,2,0,0,0
152,3926,497,7,7.899396378,5,1,0,0,1
65,1491,183,0,8.147540984,5,7,0,0,0
145,3627,455,3,7.971428571,11,3,0,0,1
52,1245,143,2,8.706293706,4,2,0,1,0
83,1547,293,0,5.279863481,1,3,0,0,1
79,2043,206,0,9.917475728,23,0,0,0,0
80,2536,453,0,5.598233996,1,7,0,0,1
81,1475,217,1,6.797235023,12,2,0,0,0
51,1508,237,0,6.362869198,1,13,0,0,1
73,1783,208,0,8.572115385,7,3,0,0,0
87,2540,412,0,6.165048544,5,7,0,4,1
155,5099,482,6,10.57883817,7,8,0,2,0
40,1165,159,0,7.327044025,1,7,0,1,1
88,2219,318,2,6.977987421,3,7,0,3,0
82,2311,372,0,6.212365591,5,8,0,4,1
146,3793,452,10,8.39159292,4,23,0,1,0
97,2771,454,0,6.103524229,6,8,0,5,1
134,4255,408,17,10.42892157,3,29,0,3,0
44,1265,233,0,5.429184549,1,12,0,0,1
139,2959,446,0,6.634529148,25,8,0,0,0
44,1392,206,0,6.757281553,1,10,0,0,1
101,2706,329,0,8.224924012,10,7,0,0,0
56,1222,236,0,5.177966102,3,2,0,0,1
57,1101,152,0,7.243421053,8,2,0,0,0
60,1353,320,1,4.228125,2,5,0,2,1
62,1447,173,0,8.36416185,5,7,0,0,0
90,1519,283,0,5.367491166,11,3,0,0,1
37,933,88,0,10.60227273,4,2,0,0,0
121,2216,433,0,5.11778291,14,11,0,0,1
152,3403,462,6,7.365800866,10,3,0,3,0
40,1557,297,0,5.242424242,1,6,0,0,1
99,2187,308,0,7.100649351,17,2,0,0,0
81,2254,386,0,5.839378238,4,15,0,0,1
90,2159,265,0,8.147169811,8,7,0,0,0
59,1860,307,0,6.058631922,3,4,0,0,1
207,5445,715,13,7.615384615,10,44,0,11,0
62,2095,335,0,6.253731343,1,4,0,0,1
68,2025,185,1,10.94594595,4,2,0,0,0
51,1578,315,0,5.00952381,2,13,0,0,1
121,3712,380,0,9.768421053,1,13,0,1,0
67,1686,298,0,5.657718121,1,18,0,3,1
75,1744,202,0,8.633663366,10,2,0,0,0
52,1104,217,0,5.087557604,1,14,0,4,1
92,2412,276,0,8.739130435,8,7,0,0,0
53,1412,245,4,5.763265306,2,18,0,1,1
78,2103,246,0,8.548780488,8,2,0,2,0
53,1412,245,0,5.763265306,1,18,0,2,1
87,1640,256,0,6.40625,16,2,0,0,0
50,1339,215,0,6.227906977,1,22,0,2,1
106,3332,364,3,9.153846154,2,36,0,2,0
45,1407,246,0,5.719512195,1,19,0,1,1
78,1893,230,0,8.230434783,7,7,0,0,0
36,1163,198,0,5.873737374,1,13,0,1,1
77,1747,232,1,7.530172414,7,2,0,1,0
55,1501,269,0,5.579925651,1,2,0,0,1
188,5543,644,2,8.607142857,10,10,0,5,0
59,1445,297,2,4.865319865,1,21,0,0,1
41,1160,149,0,7.785234899,3,3,0,1,0
47,1159,217,2,5.341013825,1,19,0,0,1
61,1726,180,0,9.588888889,2,11,0,0,0
63,1533,300,0,5.11,3,4,0,0,1
42,1099,148,0,7.425675676,2,9,0,1,0
82,1683,293,0,5.744027304,6,3,0,0,1
79,2337,275,3,8.498181818,5,4,0,3,0
55,1683,236,0,7.131355932,1,8,0,1,1
46,1121,148,0,7.574324324,4,2,0,0,0
64,1555,322,0,4.829192547,1,27,0,5,1
88,3674,496,5,7.407258065,2,44,0,3,0
41,1212,200,0,6.06,1,7,0,0,1
46,1598,165,0,9.684848485,1,27,0,0,0
59,1762,284,1,6.204225352,1,13,0,1,1
60,1764,238,4,7.411764706,1,43,0,3,0
41,1079,203,0,5.315270936,1,12,0,1,1
47,1267,147,0,8.619047619,5,4,0,1,0
61,1290,216,0,5.972222222,3,2,0,0,1
98,2029,294,0,6.901360544,11,2,0,1,0
86,2062,294,0,7.013605442,2,2,0,0,1
41,1058,125,0,8.464,4,4,0,1,0
37,899,197,0,4.563451777,2,2,0,0,1
54,1581,229,0,6.903930131,2,23,0,0,0
32,691,140,0,4.935714286,2,7,0,2,1
56,1575,194,1,8.118556701,2,27,0,0,0
75,1712,343,4,4.991253644,5,7,0,4,1
114,2877,437,1,6.583524027,6,14,0,1,0
57,1005,221,3,4.547511312,2,2,0,1,1
122,3118,459,2,6.793028322,6,14,0,1,0
37,1038,173,0,6,1,11,0,0,1
68,1966,219,0,8.97716895,4,11,0,3,0
32,759,146,0,5.198630137,2,4,0,1,1
23,1261,141,0,8.943262411,1,12,0,0,0
26,528,107,0,4.934579439,3,4,0,2,1
29,1297,181,0,7.165745856,1,12,0,0,0
56,1307,205,0,6.375609756,4,2,0,0,1
59,958,171,0,5.602339181,10,2,0,0,0
37,968,235,0,4.119148936,1,8,0,0,1
138,4197,405,0,10.36296296,7,14,0,1,0
37,1072,169,0,6.343195266,1,6,0,0,1
138,4004,441,3,9.079365079,7,5,0,1,0
146,3088,515,0,5.996116505,20,18,0,0,1
60,1670,211,2,7.914691943,5,2,0,1,0
43,991,188,0,5.271276596,5,2,0,0,1
90,1811,216,0,8.384259259,5,2,0,0,0
97,1900,338,0,5.621301775,12,14,0,0,1
44,1179,140,0,8.421428571,4,6,0,0,0
29,538,100,0,5.38,3,6,0,0,1
58,1046,150,0,6.973333333,3,5,0,1,0
83,2071,367,3,5.643051771,2,6,0,4,1
92,2707,267,0,10.13857678,5,10,0,1,0
35,1087,148,0,7.344594595,1,10,0,1,1
60,1546,164,0,9.426829268,4,2,0,0,0
47,1344,201,0,6.686567164,1,14,0,0,1
65,1359,202,1,6.727722772,2,6,0,4,0
44,1129,200,1,5.645,1,15,0,1,1
75,1896,221,0,8.57918552,5,8,0,0,0
45,1211,205,1,5.907317073,1,16,0,0,1
65,1971,216,0,9.125,4,11,0,3,0
54,1603,232,0,6.909482759,3,15,0,0,1
39,1359,194,2,7.005154639,1,22,0,2,0
30,736,130,0,5.661538462,1,8,0,1,1
32,959,168,0,5.708333333,1,13,0,1,0
40,893,179,1,4.988826816,1,17,0,2,1
31,949,165,0,5.751515152,1,12,0,1,0
21,409,74,0,5.527027027,2,4,0,0,1
32,953,167,0,5.706586826,1,13,0,1,0
21,505,86,0,5.872093023,2,3,0,0,1
27,602,92,0,6.543478261,1,11,0,1,0
36,887,138,0,6.427536232,1,12,0,0,1
29,620,93,0,6.666666667,1,13,0,1,0
35,825,145,2,5.689655172,2,12,0,1,1
34,1015,161,0,6.304347826,1,16,0,1,0
31,832,127,0,6.551181102,2,10,0,1,1
36,1055,161,1,6.552795031,1,18,0,1,0
44,1234,191,0,6.460732984,1,14,0,0,1
29,677,114,0,5.938596491,1,13,0,1,0
23,631,103,0,6.126213592,1,4,0,0,1
27,655,112,0,5.848214286,1,11,0,1,0
80,1714,272,0,6.301470588,7,21,0,0,1
29,673,115,0,5.852173913,1,13,0,1,0
76,1759,294,0,5.982993197,4,10,0,1,1
28,701,108,0,6.490740741,1,12,0,1,0
54,1621,262,0,6.187022901,3,9,0,0,1
28,695,107,0,6.495327103,1,12,0,1,0
30,838,132,0,6.348484848,2,2,0,0,1
26,616,111,0,5.54954955,1,11,0,1,0
39,1035,162,0,6.388888889,1,15,0,2,1
25,610,108,0,5.648148148,1,10,0,1,0
43,1243,209,0,5.947368421,1,21,0,1,1
26,609,109,0,5.587155963,1,11,0,1,0
48,1270,174,1,7.298850575,2,7,0,1,1
20,376,79,0,4.759493671,1,7,0,1,0
16,327,87,1,3.75862069,1,11,0,1,1
17,356,78,0,4.564102564,1,5,0,1,0
7,143,20,0,7.15,1,2,0,0,1
20,375,80,0,4.6875,1,7,0,1,0
86,2584,296,1,8.72972973,3,2,0,0,1
30,787,128,1,6.1484375,1,13,0,2,0
61,1724,206,1,8.368932039,1,2,0,0,1
144,4421,603,3,7.331674959,1,81,2,1,0
178,4305,647,5,6.653786708,10,19,0,2,1
43,1253,190,2,6.594736842,1,26,0,2,0
99,2671,352,0,7.588068182,3,14,0,0,1
32,997,148,2,6.736486486,1,17,0,1,0
116,3547,399,1,8.889724311,4,21,0,4,1
50,1565,244,3,6.413934426,1,28,0,1,0
106,2627,453,2,5.799116998,6,5,0,0,1
27,599,107,0,5.598130841,1,12,0,1,0
138,4193,547,0,7.665447898,2,65,0,2,1
27,599,106,0,5.650943396,1,12,0,1,0
119,3133,472,0,6.637711864,5,40,0,2,1
19,363,75,0,4.84,1,7,0,1,0
69,2594,364,0,7.126373626,1,21,0,0,1
16,334,72,0,4.638888889,1,5,0,1,0
134,3823,608,2,6.287828947,8,2,0,1,1
19,355,75,0,4.733333333,1,7,0,1,0
105,3190,379,3,8.416886544,5,12,0,0,1
34,753,135,1,5.577777778,1,17,0,1,0
95,3167,458,0,6.914847162,7,0,0,0,1
31,734,130,1,5.646153846,1,15,0,1,0
168,5062,667,1,7.589205397,24,2,0,0,1
29,653,111,1,5.882882883,1,12,0,0,0
89,2389,349,0,6.845272206,5,16,0,0,1
29,518,99,2,5.232323232,1,16,0,2,0
125,3562,557,10,6.39497307,4,6,0,1,1
30,525,97,2,5.412371134,1,16,0,2,0
147,3979,510,0,7.801960784,11,27,0,0,1
34,998,135,0,7.392592593,1,17,0,3,0
97,3175,456,2,6.962719298,4,6,0,0,1
45,973,148,0,6.574324324,1,21,0,4,0
103,2977,357,6,8.338935574,3,10,0,0,1
37,900,141,0,6.382978723,1,18,0,4,0
77,2035,302,0,6.738410596,5,9,0,0,1
42,1079,143,0,7.545454545,1,23,0,3,0
93,2363,361,0,6.545706371,4,27,0,0,1
50,1225,168,1,7.291666667,1,31,0,4,0
114,2419,412,0,5.871359223,11,5,0,0,1
41,1040,162,1,6.419753086,1,22,0,2,0
153,4192,544,5,7.705882353,10,13,0,1,1
41,1029,158,1,6.512658228,1,22,0,2,0
63,2078,329,0,6.316109422,16,2,0,0,1
36,878,143,1,6.13986014,1,19,0,1,0
119,3269,478,0,6.838912134,5,42,0,2,1
33,856,125,1,6.848,1,18,0,1,0
144,3967,550,2,7.212727273,10,2,0,1,1
34,856,125,1,6.848,1,19,0,1,0
143,3899,574,0,6.792682927,3,30,0,7,1
44,1369,205,1,6.67804878,1,30,0,1,0
111,2801,418,3,6.700956938,3,5,0,2,1
40,1061,191,1,5.554973822,1,22,0,2,0
157,4277,625,1,6.8432,5,15,0,8,1
40,1043,190,2,5.489473684,1,21,0,1,0
86,2760,358,0,7.709497207,3,14,0,2,1
40,1047,189,1,5.53968254,1,22,0,2,0
89,2568,360,0,7.133333333,5,16,0,0,1
67,2134,287,1,7.43554007,1,41,0,6,0
100,2760,395,0,6.987341772,4,19,0,1,1
29,759,124,0,6.120967742,1,12,0,1,0
75,2403,383,0,6.274151436,4,3,0,0,1
26,735,123,0,5.975609756,1,10,0,1,0
86,2343,368,3,6.366847826,1,30,0,0,1
33,913,146,0,6.253424658,1,14,0,1,0
63,1857,219,0,8.479452055,4,10,0,0,1
32,919,146,0,6.294520548,1,14,0,1,0
90,2352,344,0,6.837209302,5,18,0,0,1
27,789,100,0,7.89,1,14,0,1,0
90,2361,344,0,6.863372093,5,18,0,0,1
26,770,98,0,7.857142857,1,13,0,1,0
7,143,20,0,7.15,1,2,0,0,1
27,782,99,0,7.898989899,1,14,0,1,0
7,130,20,0,6.5,1,2,0,0,0